{"cameraMode":{"drawMode":0,"name":"Shaded","section":"Shading Mode"},"sceneLighting":true,"audioPlay":false,"sceneViewState":{"m_AlwaysRefresh":false,"showFog":true,"showSkybox":true,"showFlares":true,"showImageEffects":true,"showParticleSystems":true,"showVisualEffectGraphs":true,"m_FxEnabled":true},"in2DMode":false,"pivot":{"x":-44.818450927734378,"y":31.403837203979493,"z":32.07685089111328},"rotation":{"x":-0.10240165889263153,"y":0.024764372035861017,"z":-0.0025502718053758146,"w":-0.9944766163825989},"size":78.76897430419922,"orthographic":false}