{"cameraMode":{"drawMode":0,"name":"Shaded","section":"Shading Mode"},"sceneLighting":true,"audioPlay":false,"sceneViewState":{"m_AlwaysRefresh":false,"showFog":true,"showSkybox":true,"showFlares":true,"showImageEffects":true,"showParticleSystems":true,"showVisualEffectGraphs":true,"m_FxEnabled":true},"in2DMode":false,"pivot":{"x":-37.49907684326172,"y":36.05595397949219,"z":33.61906433105469},"rotation":{"x":-0.20084315538406373,"y":0.0020481955725699665,"z":-0.0004477621987462044,"w":-0.9796722531318665},"size":154.2135009765625,"orthographic":false}